Age_Group,mean,median,count,std
中年,28659.650505679703,30083.0,115587,16459.333698342816
中老年,31215.79456278027,33151.5,124880,18580.42304618062
老年,33478.53526607231,34847.0,46773,19431.231217618133
青年,30591.153320052414,30802.0,93869,14583.777830262678
