{
  "num_leaves": 10,
  "max_depth": 18,
  "subsample": 0.16732402219645612,
  "colsample_bytree": 0.3271943902474697,
  "scale_pos_weight": 1.8,
  "min_child_samples": 90,
  "min_child_weight": 0.001314615499198153,
  "reg_alpha": 0.0018305725382069089,
  "reg_lambda": 6.708595476489034,
  "threshold": 0.34745770276239596
}